"Path","Platform","Compiled","Cooked","Permutations","Compiletime","CompiledDouble","CookedDouble"
"Globals","0","33","0","1","0.000000","0","0"
"/ControlRig/Controls/ControlRigGizmoMaterial.ControlRigGizmoMaterial","0","2","2","1","5.640035","0","2"
"/MeshModelingToolset/Materials/M_DynamicMeshComponentVtxColor.M_DynamicMeshComponentVtxColor","0","7","9","1","13.896017","0","9"
"/Engine/EditorMaterials/Dataflow/DataflowVertexMaterial.DataflowVertexMaterial","0","6","6","1","7.835449","0","6"
"/Engine/VREditor/TransformGizmo/Xray.Xray","0","3","3","1","2.829120","0","3"
"/Paper2D/DefaultSpriteMaterial.DefaultSpriteMaterial","0","36","42","2","53.181953","0","42"
"/Engine/EngineMaterials/FlattenMaterial_WS_Normal_VT.FlattenMaterial_WS_Normal_VT","0","6","6","1","7.649456","0","6"
"/Engine/EngineMaterials/FlattenMaterial_VT.FlattenMaterial_VT","0","6","6","1","5.564331","0","6"
"/Engine/EngineMaterials/FlattenMaterial.FlattenMaterial","0","9","9","1","4.140045","0","9"
"/Engine/EngineMaterials/M_InvalidLightmapSettings.M_InvalidLightmapSettings","0","6","6","1","8.037922","0","6"
"/Engine/EngineMaterials/EmissiveMeshMaterial.EmissiveMeshMaterial","0","10","10","1","10.220801","0","10"
"/Engine/EngineMaterials/PhAT_JointLimitMaterial.PhAT_JointLimitMaterial","0","6","7","1","9.044407","0","7"
"/ControlRig/M_Manip.M_Manip","0","6","7","1","6.869555","0","7"
"/Engine/EngineSky/VolumetricClouds/m_SimpleVolumetricCloud.m_SimpleVolumetricCloud","0","88","88","1","1219.687134","0","88"
"/Engine/EditorMaterials/PhAT_UnselectedMaterial.PhAT_UnselectedMaterial","0","3","3","1","2.937527","0","3"
"/Engine/EditorMaterials/PhAT_NoCollisionMaterial.PhAT_NoCollisionMaterial","0","3","3","1","1.491452","0","3"
"/Engine/EngineMaterials/GizmoMaterial.GizmoMaterial","0","5","6","1","6.872005","0","6"
"/Engine/EngineDebugMaterials/DebugMeshMaterial.DebugMeshMaterial","0","5","5","1","4.956162","0","5"
"/Engine/EngineMaterials/RemoveSurfaceMaterial.RemoveSurfaceMaterial","0","2","2","1","2.144552","0","2"
"/Engine/EngineMaterials/NaniteHiddenSectionMaterial.NaniteHiddenSectionMaterial","0","12","14","1","18.397940","0","14"
"/Engine/EngineMaterials/DefaultLightFunctionMaterial.DefaultLightFunctionMaterial","0","25","25","1","16.809195","0","25"
"/Game/TopDown/Props/MM_PBR.MM_PBR","0","28","32","1","38.970898","0","32"
"/Game/EvergreenKit/Materials/Foliage/Base/M_Foliage_Evergreen.M_Foliage_Evergreen","0","56","64","2","133.096008","0","64"
"/Engine/VREditor/TransformGizmo/TranslucentTransformGizmoMaterial.TranslucentTransformGizmoMaterial","0","3","3","1","1.586396","0","3"
"/Engine/EngineDebugMaterials/DebugEditorMaterial.DebugEditorMaterial","0","5","6","1","5.603621","0","6"
"/Engine/EngineDebugMaterials/M_SimpleUnlitTranslucent.M_SimpleUnlitTranslucent","0","3","3","1","1.578198","0","3"
"/Engine/VREditor/TransformGizmo/Main.Main","0","3","3","1","1.595026","0","3"
"/Engine/EngineMaterials/Widget3DPassThrough.Widget3DPassThrough","0","41","46","6","44.436829","0","46"
"/Engine/EditorLandscapeResources/SplineEditorMeshMat.SplineEditorMeshMat","0","10","12","1","16.747940","0","12"
"/Engine/EditorMaterials/Camera/CineMat.CineMat","0","6","6","1","7.828649","0","6"
"/Game/Characters/Mannequins/Materials/M_Mannequin.M_Mannequin","0","16","20","2","31.112825","0","20"
"/Engine/BasicShapes/BasicShapeMaterial.BasicShapeMaterial","0","9","9","1","9.934941","0","9"
"/Engine/EngineSky/M_SimpleSkyDome.M_SimpleSkyDome","0","2","2","1","2.626845","0","2"
"/Engine/EngineSky/M_Sky_Panning_Clouds2.M_Sky_Panning_Clouds2","0","2","2","1","2.331903","0","2"
"/Engine/EditorMaterials/Dataflow/DataflowTwoSidedVertexMaterial.DataflowTwoSidedVertexMaterial","0","12","14","1","16.309767","0","14"
"/ControlRig/Controls/ControlRigXRayMaterial.ControlRigXRayMaterial","0","6","7","1","5.933949","0","7"
"/Game/EvergreenKit/Materials/Trimsheets/M_Trimsheet_Base_Evergreen.M_Trimsheet_Base_Evergreen","0","12","12","2","15.985052","0","12"
"/HairStrands/Materials/HairDefaultMaterial.HairDefaultMaterial","0","33","36","1","34.017372","0","36"
"/HairStrands/Materials/HairMeshesDefaultMaterial.HairMeshesDefaultMaterial","0","33","36","1","0.000000","0","36"
"/Game/LevelPrototyping/Materials/M_PrototypeGrid.M_PrototypeGrid","0","6","6","2","8.501745","0","6"
"/HairStrands/Materials/HairCardsDefaultMaterial.HairCardsDefaultMaterial","0","57","63","1","64.910599","0","63"
"/InterchangeAssets/gltf/M_Default.M_Default","0","110","128","6","354.001373","0","128"
"/SpeedTreeImporter/SpeedTree9/SpeedTreeMaster.SpeedTreeMaster","0","28","32","1","65.651016","0","32"
"/Game/LowPoly_Castle/Castle_Materials/M_Stone.M_Stone","0","6","6","1","8.136050","0","6"
"/SpeedTreeImporter/SpeedTree9/SpeedTreeBillboardMaster.SpeedTreeBillboardMaster","0","28","32","1","61.776264","0","32"
"/InterchangeAssets/gltf/M_ClearCoat.M_ClearCoat","0","110","128","6","271.759949","0","128"
"/InterchangeAssets/gltf/M_SpecularGlossiness.M_SpecularGlossiness","0","102","112","6","321.075134","0","112"
"/AudioWidgets/AudioMaterialSlate/M_AudioMaterialKnob.M_AudioMaterialKnob","0","13","13","1","8.915056","0","13"
"/InterchangeAssets/gltf/M_Transmission.M_Transmission","0","28","28","2","493.553711","0","28"
"/AudioWidgets/AudioMaterialSlate/M_AudioMaterialToggleButton.M_AudioMaterialToggleButton","0","13","13","1","9.274171","0","13"
"/InterchangeAssets/gltf/M_Sheen.M_Sheen","0","102","112","6","243.924438","0","112"
"/Engine/VREditor/TransformGizmo/TransformGizmoMaterial.TransformGizmoMaterial","0","2","2","1","2.274563","0","2"
"/AudioWidgets/AudioMaterialSlate/M_AudioMaterialRoundedSlider.M_AudioMaterialRoundedSlider","0","23","25","1","22.157614","0","25"
"/InterchangeAssets/gltf/M_Unlit.M_Unlit","0","82","92","6","95.654640","0","92"
"/Game/CR/LQ/AMT_Materials/M_Master/M_MasterMetal.M_MasterMetal","0","6","6","1","6.820674","0","6"
"/Game/RadicalMike/Materials/Body/M_MasterMaterial.M_MasterMaterial","0","28","32","1","39.621014","0","32"
"/Engine/EngineDebugMaterials/M_VolumeRenderSphereTracePP.M_VolumeRenderSphereTracePP","0","5","5","1","3.068366","0","5"
"/HairStrands/Materials/HairDebugMaterial.HairDebugMaterial","0","57","63","1","72.443459","0","63"
"/Game/RadicalMike/Materials/Lens/M_Glass_parent.M_Glass_parent","0","16","16","1","102.049271","0","16"
"/Game/CR/LQ/AMT_Materials/M_Master/M_Master.M_Master","0","12","12","1","9.014935","0","12"
"/AudioWidgets/AudioMaterialSlate/M_AudioMaterialEnvelope_ADSR.M_AudioMaterialEnvelope_ADSR","0","23","25","1","25.227451","0","25"
"/Engine/EngineMaterials/DefaultPostProcessMaterial.DefaultPostProcessMaterial","0","7","7","1","4.282185","0","7"
"/Engine/EngineMaterials/DefaultDeferredDecalMaterial.DefaultDeferredDecalMaterial","0","33","33","1","36.401928","0","33"
"/Engine/EngineMaterials/PPM_DefaultCalibrationColor.PPM_DefaultCalibrationColor","0","5","5","1","2.716147","0","5"
"/Engine/VREditor/SnapGrid/SnapGridMaterial.SnapGridMaterial","0","10","10","1","11.053005","0","10"
"/AudioWidgets/AudioMaterialSlate/M_AudioMaterialMeter.M_AudioMaterialMeter","0","13","13","1","7.518691","0","13"
"/Engine/EngineMaterials/PPM_DefaultCalibrationGrayscale.PPM_DefaultCalibrationGrayscale","0","5","5","1","1.619434","0","5"
"/Engine/EngineMaterials/DefaultTextMaterialOpaque.DefaultTextMaterialOpaque","0","14","16","1","18.771284","0","16"
"/Game/LowPoly_Castle/Castle_Materials/M_MainWindow.M_MainWindow","0","3","3","1","3.683536","0","3"
"/Engine/EditorMaterials/PreviewShadowIndicatorMaterial.PreviewShadowIndicatorMaterial","0","25","25","1","16.584967","0","25"
"/Game/LowPoly_Castle/Castle_Materials/M_CastleOuterPillar.M_CastleOuterPillar","0","3","3","1","2.075882","0","3"
"/Game/LowPoly_Castle/Castle_Materials/M_CastleOuterTower.M_CastleOuterTower","0","3","3","1","0.000000","0","3"
"/Game/LowPoly_Castle/Castle_Materials/M_MainEntrance_Gate.M_MainEntrance_Gate","0","3","3","1","0.000000","0","3"
"/Game/LowPoly_Castle/Castle_Materials/M_Castle_Tower.M_Castle_Tower","0","3","3","1","0.000000","0","3"
"/Game/LowPoly_Castle/Castle_Materials/M_MainDoorCastle.M_MainDoorCastle","0","3","3","1","0.000000","0","3"
"/Game/LowPoly_Castle/Castle_Materials/M_CastleRoofTop.M_CastleRoofTop","0","3","3","1","0.000000","0","3"
"/Game/LowPoly_Castle/Castle_Materials/M_Castle_Tower_RooF.M_Castle_Tower_RooF","0","3","3","1","0.000000","0","3"
"/Game/LowPoly_Castle/Castle_Materials/M_SpeechPathway.M_SpeechPathway","0","3","3","1","0.000000","0","3"
"/Game/LowPoly_Castle/Castle_Materials/M_FrontBuilding.M_FrontBuilding","0","3","3","1","0.000000","0","3"
"/Game/LowPoly_Castle/Castle_Materials/M_MainCastle.M_MainCastle","0","3","3","1","0.000000","0","3"
"/Game/Cursor/M_Cursor.M_Cursor","0","28","32","1","52.519161","0","32"
"/Engine/EngineMaterials/WorldGridMaterial.WorldGridMaterial","0","333","0","1","0.000000","0","0"
"/Engine/EngineMaterials/DefaultMaterial.DefaultMaterial","0","24","24","1","20.147682","0","24"
"Globals","49","10300","0","1","0.000000","0","0"
"/ControlRig/Controls/ControlRigGizmoMaterial.ControlRigGizmoMaterial","49","7","7","1","9.716879","0","7"
"/MeshModelingToolset/Materials/M_DynamicMeshComponentVtxColor.M_DynamicMeshComponentVtxColor","49","12","14","1","17.623184","0","14"
"","49","64","0","1","0.000000","65","0"
"/Engine/EngineMaterials/RemoveSurfaceMaterial.RemoveSurfaceMaterial","49","7","7","1","21.843695","0","7"
"/Engine/EngineMaterials/NaniteHiddenSectionMaterial.NaniteHiddenSectionMaterial","49","19","21","1","36.630672","0","21"
"/Engine/EditorMaterials/PhAT_UnselectedMaterial.PhAT_UnselectedMaterial","49","8","8","1","11.559628","0","8"
"/Engine/EditorMaterials/PhAT_NoCollisionMaterial.PhAT_NoCollisionMaterial","49","8","8","1","12.391017","0","8"
"/Engine/EngineMaterials/GizmoMaterial.GizmoMaterial","49","10","11","1","9.987369","0","11"
"/Engine/EngineDebugMaterials/DebugMeshMaterial.DebugMeshMaterial","49","10","10","1","9.470210","0","10"
"/Engine/EditorMaterials/Dataflow/DataflowVertexMaterial.DataflowVertexMaterial","49","11","11","1","14.420419","0","11"
"/Engine/BasicShapes/BasicShapeMaterial.BasicShapeMaterial","49","27","27","1","53.573204","0","27"
"/Engine/EditorMaterials/Dataflow/DataflowTwoSidedVertexMaterial.DataflowTwoSidedVertexMaterial","49","17","19","1","21.502983","0","19"
"/ControlRig/Controls/ControlRigXRayMaterial.ControlRigXRayMaterial","49","11","12","1","15.751648","0","12"
"/HairStrands/Materials/HairMeshesDefaultMaterial.HairMeshesDefaultMaterial","49","42","45","1","51.045036","0","45"
"/HairStrands/Materials/HairCardsDefaultMaterial.HairCardsDefaultMaterial","49","72","78","1","120.631790","0","78"
"/HairStrands/Materials/HairDefaultMaterial.HairDefaultMaterial","49","42","45","1","0.000000","0","45"
"/Engine/EngineDebugMaterials/DebugEditorMaterial.DebugEditorMaterial","49","10","11","1","14.876749","0","11"
"/Engine/EditorLandscapeResources/SplineEditorMeshMat.SplineEditorMeshMat","49","22","24","1","52.204643","0","24"
"/Engine/EngineDebugMaterials/M_SimpleUnlitTranslucent.M_SimpleUnlitTranslucent","49","8","8","1","14.460732","0","8"
"/Engine/EditorMaterials/Camera/CineMat.CineMat","49","14","14","1","21.786314","0","14"
"/Engine/VREditor/TransformGizmo/TranslucentTransformGizmoMaterial.TranslucentTransformGizmoMaterial","49","8","8","1","16.807543","0","8"
"/Engine/VREditor/TransformGizmo/Xray.Xray","49","8","8","1","4.870668","0","8"
"/Engine/VREditor/TransformGizmo/Main.Main","49","8","8","1","17.467480","0","8"
"/Engine/EngineMaterials/DefaultLightFunctionMaterial.DefaultLightFunctionMaterial","49","67","67","1","47.111904","0","67"
"/Engine/EngineMaterials/FlattenMaterial_WS_Normal_VT.FlattenMaterial_WS_Normal_VT","49","16","16","1","35.276543","0","16"
"/Engine/EngineMaterials/FlattenMaterial_VT.FlattenMaterial_VT","49","16","16","1","36.049603","0","16"
"/Engine/EngineMaterials/FlattenMaterial.FlattenMaterial","49","22","22","1","34.663826","0","22"
"/Engine/EngineMaterials/M_InvalidLightmapSettings.M_InvalidLightmapSettings","49","16","16","1","23.407623","0","16"
"/Engine/EngineMaterials/EmissiveMeshMaterial.EmissiveMeshMaterial","49","17","17","1","20.534916","0","17"
"/Paper2D/DefaultSpriteMaterial.DefaultSpriteMaterial","49","56","62","2","59.076015","0","62"
"/Engine/EngineMaterials/PhAT_JointLimitMaterial.PhAT_JointLimitMaterial","49","11","12","1","15.493063","0","12"
"/ControlRig/M_Manip.M_Manip","49","11","12","1","15.628697","0","12"
"/Engine/VREditor/TransformGizmo/TransformGizmoMaterial.TransformGizmoMaterial","49","7","7","1","10.129824","0","7"
"/Game/CR/LQ/AMT_Materials/M_Master/M_MasterMetal.M_MasterMetal","49","11","11","1","8.274940","0","11"
"/Game/CR/LQ/AMT_Materials/M_Master/M_Master.M_Master","49","25","25","1","24.497267","0","25"
"/AudioWidgets/AudioMaterialSlate/M_AudioMaterialRoundedSlider.M_AudioMaterialRoundedSlider","49","27","29","1","27.087267","0","29"
"/AudioWidgets/AudioMaterialSlate/M_AudioMaterialEnvelope_ADSR.M_AudioMaterialEnvelope_ADSR","49","27","29","1","28.915709","0","29"
"/AudioWidgets/AudioMaterialSlate/M_AudioMaterialKnob.M_AudioMaterialKnob","49","15","15","1","12.869070","0","15"
"/AudioWidgets/AudioMaterialSlate/M_AudioMaterialToggleButton.M_AudioMaterialToggleButton","49","15","15","1","11.621660","0","15"
"/Engine/EngineDebugMaterials/M_VolumeRenderSphereTracePP.M_VolumeRenderSphereTracePP","49","7","7","1","6.836177","0","7"
"/Engine/EngineMaterials/Widget3DPassThrough.Widget3DPassThrough","49","75","80","6","90.065674","0","80"
"/HairStrands/Materials/HairDebugMaterial.HairDebugMaterial","49","72","78","1","94.535889","0","78"
"/Engine/EngineSky/VolumetricClouds/m_SimpleVolumetricCloud.m_SimpleVolumetricCloud","49","92","92","1","0.000000","0","92"
"/Engine/EngineMaterials/DefaultPostProcessMaterial.DefaultPostProcessMaterial","49","9","9","1","8.794426","0","9"
"/Engine/EngineMaterials/DefaultDeferredDecalMaterial.DefaultDeferredDecalMaterial","49","40","40","1","51.599125","0","40"
"/Engine/EngineMaterials/PPM_DefaultCalibrationColor.PPM_DefaultCalibrationColor","49","7","7","1","6.378761","0","7"
"/Engine/EngineMaterials/PPM_DefaultCalibrationGrayscale.PPM_DefaultCalibrationGrayscale","49","7","7","1","6.150407","0","7"
"/Engine/EditorMaterials/PreviewShadowIndicatorMaterial.PreviewShadowIndicatorMaterial","49","67","67","1","45.499786","0","67"
"/Game/LowPoly_Castle/Castle_Materials/M_MainWindow.M_MainWindow","49","8","8","1","4.348013","0","8"
"/Game/Cursor/M_Cursor.M_Cursor","49","39","43","1","28.703608","0","43"
"/Game/LowPoly_Castle/Castle_Materials/M_CastleOuterPillar.M_CastleOuterPillar","49","8","8","1","4.331517","0","8"
"/Engine/EngineMaterials/DefaultMaterial.DefaultMaterial","49","45","45","1","62.926159","0","45"
"/Engine/EngineMaterials/WorldGridMaterial.WorldGridMaterial","49","993","1016","1","1647.546875","0","0"
"/Engine/EngineMaterials/DefaultTextMaterialOpaque.DefaultTextMaterialOpaque","49","21","23","1","12.252031","0","23"
"/Engine/VREditor/SnapGrid/SnapGridMaterial.SnapGridMaterial","49","18","18","1","28.072220","0","18"
"/AudioWidgets/AudioMaterialSlate/M_AudioMaterialMeter.M_AudioMaterialMeter","49","15","15","1","11.186846","0","15"
"/Game/TopDown/Props/MM_PBR.MM_PBR","49","37","41","1","0.000000","0","41"
"/Game/RadicalMike/Materials/Lens/M_Glass_parent.M_Glass_parent","49","29","29","1","30.388968","0","29"
"/InterchangeAssets/gltf/M_ClearCoat.M_ClearCoat","49","164","182","6","234.033783","0","182"
"/InterchangeAssets/gltf/M_Unlit.M_Unlit","49","202","212","6","516.381653","0","212"
"/Game/Characters/Mannequins/Materials/M_Mannequin.M_Mannequin","49","26","30","2","23.973652","6","30"
"/Game/RadicalMike/Materials/Body/M_MasterMaterial.M_MasterMaterial","49","37","41","1","30.811670","0","41"
"/InterchangeAssets/gltf/M_Sheen.M_Sheen","49","156","166","6","210.464096","0","166"
"/Game/LowPoly_Castle/Castle_Materials/M_MainEntrance_Gate.M_MainEntrance_Gate","49","8","8","1","0.000000","0","8"
"/Game/LowPoly_Castle/Castle_Materials/M_Castle_Tower.M_Castle_Tower","49","8","8","1","0.000000","0","8"
"/Game/LowPoly_Castle/Castle_Materials/M_MainDoorCastle.M_MainDoorCastle","49","8","8","1","0.000000","0","8"
"/InterchangeAssets/gltf/M_Transmission.M_Transmission","49","54","54","2","192.941895","0","54"
"/InterchangeAssets/gltf/M_SpecularGlossiness.M_SpecularGlossiness","49","156","166","6","215.764069","0","166"
"/InterchangeAssets/gltf/M_Default.M_Default","49","164","182","6","234.703094","0","182"
"/Game/LowPoly_Castle/Castle_Materials/M_CastleRoofTop.M_CastleRoofTop","49","8","8","1","0.000000","0","8"
"/Game/LowPoly_Castle/Castle_Materials/M_Castle_Tower_RooF.M_Castle_Tower_RooF","49","8","8","1","0.000000","0","8"
"/Game/LowPoly_Castle/Castle_Materials/M_SpeechPathway.M_SpeechPathway","49","8","8","1","0.000000","0","8"
"/Game/LowPoly_Castle/Castle_Materials/M_FrontBuilding.M_FrontBuilding","49","8","8","1","0.000000","0","8"
"/Game/LowPoly_Castle/Castle_Materials/M_MainCastle.M_MainCastle","49","8","8","1","0.000000","0","8"
"/Game/LowPoly_Castle/Castle_Materials/M_Stone.M_Stone","49","16","16","1","16.032845","0","16"
"/SpeedTreeImporter/SpeedTree9/SpeedTreeBillboardMaster.SpeedTreeBillboardMaster","49","42","46","1","67.001961","0","46"
"/SpeedTreeImporter/SpeedTree9/SpeedTreeMaster.SpeedTreeMaster","49","42","46","1","70.573685","0","46"
"/Game/EvergreenKit/Materials/Foliage/Base/M_Foliage_Evergreen.M_Foliage_Evergreen","49","252","260","2","330.250854","0","260"
"/Game/LowPoly_Castle/Castle_Materials/M_CastleOuterTower.M_CastleOuterTower","49","8","8","1","0.000000","0","8"
"/Game/LevelPrototyping/Materials/M_PrototypeGrid.M_PrototypeGrid","49","16","16","2","9.987552","0","16"
"/Game/EvergreenKit/Materials/Trimsheets/M_Trimsheet_Base_Evergreen.M_Trimsheet_Base_Evergreen","49","32","32","2","29.559078","0","32"
"/Engine/EngineSky/M_SimpleSkyDome.M_SimpleSkyDome","49","7","7","1","3.592767","0","7"
"/Engine/EngineSky/M_Sky_Panning_Clouds2.M_Sky_Panning_Clouds2","49","7","7","1","3.664433","0","7"
